Model,Parameters,PeakMemoryMB,InferenceLatency,TrainTimePerEpochSec,Epochs,Accuracy,Precision,Recall,F1
GCN,204,23.80322265625,4.2343159073458114e-07,0.07479856076178612,154,0.6967266775777414,0.7352941176470589,0.5319148936170213,0.6172839506172839
GIN,3506,25.74462890625,6.311485529364056e-07,0.07793332222969301,155,0.6985270049099837,0.7931034482758621,0.48936170212765956,0.6052631578947368
GAT,3598,173.95654296875,1.8213879307800651e-06,0.1104372326844658,306,0.6783960720130933,0.7058823529411765,0.5106382978723404,0.5925925925925926
ChebNet,34530,52.63427734375,3.5640255998565895e-06,0.2286543369293213,50,0.6996726677577741,0.7222222222222222,0.5531914893617021,0.6265060240963856
ChebNet + EdgeConv,47010,94.7314453125,3.372368250909775e-06,0.261348614692688,50,0.6872340425531915,0.675,0.574468085106383,0.6206896551724138
