{
    "Accuracy": 0.8392857142857143,
    "NumEpochs": 136,
    "TrainingTimeTotal": 55.87707591056824,
    "TrainingTimePerEpoch": 0.41086085228359,
    "PeakMemoryMB": 877.771484375,
    "NumberOfParameters": 75458,
    "ModelSizeMB": 0.28784942626953125,
    "InferenceLatencyMS": 20.2484130859375
}