{
    "Accuracy": 0.8392857142857143,
    "NumEpochs": 195,
    "TrainingTimeTotal": 71.71766996383667,
    "TrainingTimePerEpoch": 0.3677829228914701,
    "PeakMemoryMB": 947.61962890625,
    "NumberOfParameters": 75458,
    "ModelSizeMB": 0.28784942626953125,
    "InferenceLatencyMS": 28.957128524780273
}