{
    "Accuracy": 0.8303571428571429,
    "NumEpochs": 153,
    "TrainingTimeTotal": 85.8962049484253,
    "TrainingTimePerEpoch": 0.5614131042380738,
    "PeakMemoryMB": 925.521484375,
    "NumberOfParameters": 75458,
    "ModelSizeMB": 0.28784942626953125,
    "InferenceLatencyMS": 24.445056915283203
}